group,function,value,throughput_num,throughput_type,sample_measured_value,unit,iteration_count
sha256,setup,,,,49961973850.0,ns,1
sha256,setup,,,,49758705783.0,ns,1
sha256,setup,,,,49873020931.0,ns,1
sha256,setup,,,,49959784896.0,ns,1
sha256,setup,,,,50038279472.0,ns,1
sha256,setup,,,,49931588703.0,ns,1
sha256,setup,,,,49853164408.0,ns,1
sha256,setup,,,,49810480460.0,ns,1
sha256,setup,,,,49763587721.0,ns,1
sha256,setup,,,,49855843888.0,ns,1
sha256,setup,,,,49778501243.0,ns,1
sha256,setup,,,,49879479782.0,ns,1
sha256,setup,,,,49668796254.0,ns,1
sha256,setup,,,,50116724083.0,ns,1
sha256,setup,,,,49970582257.0,ns,1
sha256,setup,,,,49943887772.0,ns,1
sha256,setup,,,,49911771727.0,ns,1
sha256,setup,,,,50083736234.0,ns,1
sha256,setup,,,,49986044345.0,ns,1
sha256,setup,,,,49672758025.0,ns,1
sha256,setup,,,,50053244940.0,ns,1
sha256,setup,,,,49685113267.0,ns,1
sha256,setup,,,,49884560687.0,ns,1
sha256,setup,,,,49776524350.0,ns,1
sha256,setup,,,,49893591171.0,ns,1
sha256,setup,,,,50223811828.0,ns,1
sha256,setup,,,,49875869535.0,ns,1
sha256,setup,,,,49901299026.0,ns,1
sha256,setup,,,,49948273999.0,ns,1
sha256,setup,,,,49930570053.0,ns,1
sha256,setup,,,,49875155339.0,ns,1
sha256,setup,,,,49877208079.0,ns,1
sha256,setup,,,,49889796835.0,ns,1
sha256,setup,,,,50053209432.0,ns,1
sha256,setup,,,,49738344493.0,ns,1
sha256,setup,,,,49690327984.0,ns,1
sha256,setup,,,,50097206264.0,ns,1
sha256,setup,,,,50157888410.0,ns,1
sha256,setup,,,,50022956638.0,ns,1
sha256,setup,,,,49735274894.0,ns,1
sha256,setup,,,,49796110366.0,ns,1
sha256,setup,,,,50047751291.0,ns,1
sha256,setup,,,,49922698345.0,ns,1
sha256,setup,,,,49863971056.0,ns,1
sha256,setup,,,,49830306438.0,ns,1
sha256,setup,,,,49727671908.0,ns,1
sha256,setup,,,,49882974155.0,ns,1
sha256,setup,,,,49812903831.0,ns,1
sha256,setup,,,,49762492800.0,ns,1
sha256,setup,,,,50101708613.0,ns,1
sha256,setup,,,,49919726338.0,ns,1
sha256,setup,,,,49803219299.0,ns,1
sha256,setup,,,,49741105716.0,ns,1
sha256,setup,,,,49913127588.0,ns,1
sha256,setup,,,,49845324123.0,ns,1
sha256,setup,,,,49909148917.0,ns,1
sha256,setup,,,,49852248900.0,ns,1
sha256,setup,,,,49887434581.0,ns,1
sha256,setup,,,,49930591585.0,ns,1
sha256,setup,,,,49813570565.0,ns,1
sha256,setup,,,,49822563001.0,ns,1
sha256,setup,,,,49984641855.0,ns,1
sha256,setup,,,,49781443627.0,ns,1
sha256,setup,,,,49678485958.0,ns,1
sha256,setup,,,,49758208048.0,ns,1
sha256,setup,,,,49892621544.0,ns,1
sha256,setup,,,,49862827709.0,ns,1
sha256,setup,,,,49843534963.0,ns,1
sha256,setup,,,,49956875227.0,ns,1
sha256,setup,,,,49902962076.0,ns,1
sha256,setup,,,,49946288549.0,ns,1
sha256,setup,,,,50002364710.0,ns,1
sha256,setup,,,,49877518989.0,ns,1
sha256,setup,,,,49698822838.0,ns,1
sha256,setup,,,,49968775635.0,ns,1
sha256,setup,,,,49938013494.0,ns,1
sha256,setup,,,,49799984478.0,ns,1
sha256,setup,,,,49825491006.0,ns,1
sha256,setup,,,,49803363385.0,ns,1
sha256,setup,,,,49890347381.0,ns,1
sha256,setup,,,,49997439800.0,ns,1
sha256,setup,,,,50046392586.0,ns,1
sha256,setup,,,,49940370243.0,ns,1
sha256,setup,,,,49954855955.0,ns,1
sha256,setup,,,,49773781625.0,ns,1
sha256,setup,,,,50202229498.0,ns,1
sha256,setup,,,,49953774588.0,ns,1
sha256,setup,,,,50024669067.0,ns,1
sha256,setup,,,,49727873106.0,ns,1
sha256,setup,,,,49723053836.0,ns,1
sha256,setup,,,,49775209248.0,ns,1
sha256,setup,,,,49707822905.0,ns,1
sha256,setup,,,,49765911469.0,ns,1
sha256,setup,,,,49740255877.0,ns,1
sha256,setup,,,,49826293432.0,ns,1
sha256,setup,,,,49750737947.0,ns,1
sha256,setup,,,,49778403139.0,ns,1
sha256,setup,,,,49673751998.0,ns,1
sha256,setup,,,,49854612344.0,ns,1
sha256,setup,,,,49924820696.0,ns,1
